dept_name,job_name,job_priority,priority_name,sla_time,user_name,user_email,user_phone,admin,password,response_order
IT,Test Job 1000,1,high,15,IndividualContributor,byte_ic@outlook.com,2125551212,FALSE,ic1234,1
IT,Test Job 1000,1,high,15,Manager,byte_mgr@outlookcom,2125551212,TRUE,mgr1234,2
IT,Test Job 1000,1,high,15,Director,byte_dir@outlook.com,2125551212,FALSE,dir1234,3
IT,Test Job 1000,1,high,15,ManagingDirector,byte_md@outlook.com,2125551212,FALSE,md1234,4
IT,Test Job 1000,1,high,15,Executive,byte_exec@outlook.com,2125551212,FALSE,exec1234,5
IT,Test Job 1001,2,medium,75,IndividualContributor,byte_ic@outlook.com,2125551212,FALSE,ic1234,1
IT,Test Job 1001,2,medium,75,Manager,byte_mgr@outlookcom,2125551212,TRUE,mgr1234,2
IT,Test Job 1001,2,medium,75,Director,byte_dir@outlook.com,2125551212,FALSE,dir1234,3
IT,Test Job 1001,2,medium,75,ManagingDirector,byte_md@outlook.com,2125551212,FALSE,md1234,4
IT,Test Job 1001,2,medium,75,Executive,byte_exec@outlook.com,2125551212,FALSE,exec1234,5
IT,Test Job 1002,3,low,210,IndividualContributor,byte_ic@outlook.com,2125551212,FALSE,ic1234,1
IT,Test Job 1002,3,low,210,Test Job 1002,byte_mgr@outlookcom,2125551212,TRUE,mgr1234,2
IT,Test Job 1002,3,low,210,Test Job 1002,byte_dir@outlook.com,2125551212,FALSE,dir1234,3
